employee_id,employee_name,staff_level,home_unit_id,home_unit_name,home_unit_type,planning_month,target_minutes,credited_minutes,generated_minutes,balance_minutes,memberships,hard_availability,credit_details
459,Shoemake Sandra,professional,85,PE 85,station,2026-02,7680,0,7680,0,"[{""planning_unit_id"":85,""employee_id"":459,""valid_from"":""2025-05-01"",""valid_until"":""2199-12-31"",""staff_level"":""professional"",""is_home"":true,""is_replacement"":false}]",[],[]
790,Mccomas Adriane,assistant,77,PE 77,station,2026-02,9240,2310,6945,15,"[{""planning_unit_id"":77,""employee_id"":790,""valid_from"":""2022-05-01"",""valid_until"":""2199-12-31"",""staff_level"":""assistant"",""is_home"":true,""is_replacement"":false}]","[{""availability_type"":""vacation"",""reason"":""U"",""shift_ids"":null,""employee_id"":790,""date"":""2026-02-23"",""native_absence"":true},{""availability_type"":""vacation"",""reason"":""U"",""shift_ids"":null,""employee_id"":790,""date"":""2026-02-24"",""native_absence"":true},{""availability_type"":""vacation"",""reason"":""U"",""shift_ids"":null,""employee_id"":790,""date"":""2026-02-25"",""native_absence"":true},{""availability_type"":""vacation"",""reason"":""U"",""shift_ids"":null,""employee_id"":790,""date"":""2026-02-26"",""native_absence"":true},{""availability_type"":""vacation"",""reason"":""U"",""shift_ids"":null,""employee_id"":790,""date"":""2026-02-27"",""native_absence"":true}]","[{""date"":""2026-02-23"",""minutes"":462,""kind"":""approved_absence"",""source"":""TimeOffice U absence""},{""date"":""2026-02-24"",""minutes"":462,""kind"":""approved_absence"",""source"":""TimeOffice U absence""},{""date"":""2026-02-25"",""minutes"":462,""kind"":""approved_absence"",""source"":""TimeOffice U absence""},{""date"":""2026-02-26"",""minutes"":462,""kind"":""approved_absence"",""source"":""TimeOffice U absence""},{""date"":""2026-02-27"",""minutes"":462,""kind"":""approved_absence"",""source"":""TimeOffice U absence""}]"
791,Branz Janett,professional,77,PE 77,station,2026-02,6930,0,6930,0,"[{""planning_unit_id"":77,""employee_id"":791,""valid_from"":""2023-11-27"",""valid_until"":""2199-12-31"",""staff_level"":""professional"",""is_home"":true,""is_replacement"":false}]",[],[]
803,Reis Richardis,professional,85,PE 85,station,2026-02,9240,0,9345,105,"[{""planning_unit_id"":85,""employee_id"":803,""valid_from"":""2023-03-08"",""valid_until"":""2199-12-31"",""staff_level"":""professional"",""is_home"":true,""is_replacement"":false}]",[],[]
818,Wülfroth Luitgart,professional,79,PE 79,station,2026-02,6930,0,6915,-15,"[{""planning_unit_id"":79,""employee_id"":818,""valid_from"":""2021-11-01"",""valid_until"":""2199-12-31"",""staff_level"":""professional"",""is_home"":true,""is_replacement"":false}]",[],[]
835,Ciaccio Josefa,professional,68,PE 68,jumper_pool,2026-02,1200,0,1650,450,"[{""planning_unit_id"":68,""employee_id"":835,""valid_from"":""2023-04-01"",""valid_until"":""2199-12-31"",""staff_level"":""professional"",""is_home"":true,""is_replacement"":false},{""planning_unit_id"":78,""employee_id"":835,""valid_from"":""2025-12-01"",""valid_until"":""2026-07-31"",""staff_level"":""professional"",""is_home"":false,""is_replacement"":true},{""planning_unit_id"":83,""employee_id"":835,""valid_from"":""2025-12-01"",""valid_until"":""2026-07-31"",""staff_level"":""professional"",""is_home"":false,""is_replacement"":true},{""planning_unit_id"":85,""employee_id"":835,""valid_from"":""2025-12-01"",""valid_until"":""2026-07-31"",""staff_level"":""professional"",""is_home"":false,""is_replacement"":true},{""planning_unit_id"":88,""employee_id"":835,""valid_from"":""2025-12-01"",""valid_until"":""2026-07-31"",""staff_level"":""professional"",""is_home"":false,""is_replacement"":true},{""planning_unit_id"":337,""employee_id"":835,""valid_from"":""2025-12-01"",""valid_until"":""2026-07-31"",""staff_level"":""professional"",""is_home"":false,""is_replacement"":true}]",[],[]
839,Säuffert Liselotte,assistant,68,PE 68,jumper_pool,2026-02,4620,0,4620,0,"[{""planning_unit_id"":68,""employee_id"":839,""valid_from"":""2024-04-06"",""valid_until"":""2199-12-31"",""staff_level"":""assistant"",""is_home"":true,""is_replacement"":false},{""planning_unit_id"":78,""employee_id"":839,""valid_from"":""2025-12-01"",""valid_until"":""2026-07-31"",""staff_level"":""assistant"",""is_home"":false,""is_replacement"":true},{""planning_unit_id"":83,""employee_id"":839,""valid_from"":""2025-12-01"",""valid_until"":""2026-07-31"",""staff_level"":""assistant"",""is_home"":false,""is_replacement"":true},{""planning_unit_id"":85,""employee_id"":839,""valid_from"":""2025-12-01"",""valid_until"":""2026-07-31"",""staff_level"":""assistant"",""is_home"":false,""is_replacement"":true},{""planning_unit_id"":88,""employee_id"":839,""valid_from"":""2025-12-01"",""valid_until"":""2026-07-31"",""staff_level"":""assistant"",""is_home"":false,""is_replacement"":true},{""planning_unit_id"":337,""employee_id"":839,""valid_from"":""2025-12-01"",""valid_until"":""2026-07-31"",""staff_level"":""assistant"",""is_home"":false,""is_replacement"":true}]",[],[]
843,Flanagan Mirjam,assistant,68,PE 68,jumper_pool,2026-02,4080,0,4065,-15,"[{""planning_unit_id"":68,""employee_id"":843,""valid_from"":""2023-11-01"",""valid_until"":""2199-12-31"",""staff_level"":""assistant"",""is_home"":true,""is_replacement"":false},{""planning_unit_id"":78,""employee_id"":843,""valid_from"":""2025-12-01"",""valid_until"":""2026-07-31"",""staff_level"":""assistant"",""is_home"":false,""is_replacement"":true},{""planning_unit_id"":83,""employee_id"":843,""valid_from"":""2025-12-01"",""valid_until"":""2026-07-31"",""staff_level"":""assistant"",""is_home"":false,""is_replacement"":true},{""planning_unit_id"":85,""employee_id"":843,""valid_from"":""2025-12-01"",""valid_until"":""2026-07-31"",""staff_level"":""assistant"",""is_home"":false,""is_replacement"":true},{""planning_unit_id"":88,""employee_id"":843,""valid_from"":""2025-12-01"",""valid_until"":""2026-07-31"",""staff_level"":""assistant"",""is_home"":false,""is_replacement"":true},{""planning_unit_id"":337,""employee_id"":843,""valid_from"":""2025-12-01"",""valid_until"":""2026-07-31"",""staff_level"":""assistant"",""is_home"":false,""is_replacement"":true}]",[],[]
844,Greenman Elia,professional,79,PE 79,station,2026-02,7854,0,7860,6,"[{""planning_unit_id"":79,""employee_id"":844,""valid_from"":""2024-06-20"",""valid_until"":""2199-12-31"",""staff_level"":""professional"",""is_home"":true,""is_replacement"":false}]",[],[]
914,Harkins Silvia,assistant,77,PE 77,station,2026-02,8316,0,8265,-51,"[{""planning_unit_id"":77,""employee_id"":914,""valid_from"":""2022-05-01"",""valid_until"":""2199-12-31"",""staff_level"":""assistant"",""is_home"":true,""is_replacement"":false}]",[],[]
917,Catoe Ingbert,professional,77,PE 77,station,2026-02,7680,0,7680,0,"[{""planning_unit_id"":77,""employee_id"":917,""valid_from"":""2022-05-01"",""valid_until"":""2199-12-31"",""staff_level"":""professional"",""is_home"":true,""is_replacement"":false}]",[],[]
918,Ambriz Waltraud,professional,68,PE 68,jumper_pool,2026-02,6000,0,6390,390,"[{""planning_unit_id"":68,""employee_id"":918,""valid_from"":""2024-10-29"",""valid_until"":""2199-12-31"",""staff_level"":""professional"",""is_home"":true,""is_replacement"":false},{""planning_unit_id"":78,""employee_id"":918,""valid_from"":""2025-12-01"",""valid_until"":""2026-07-31"",""staff_level"":""professional"",""is_home"":false,""is_replacement"":true},{""planning_unit_id"":83,""employee_id"":918,""valid_from"":""2025-12-01"",""valid_until"":""2026-07-31"",""staff_level"":""professional"",""is_home"":false,""is_replacement"":true},{""planning_unit_id"":85,""employee_id"":918,""valid_from"":""2025-12-01"",""valid_until"":""2026-07-31"",""staff_level"":""professional"",""is_home"":false,""is_replacement"":true},{""planning_unit_id"":88,""employee_id"":918,""valid_from"":""2025-12-01"",""valid_until"":""2026-07-31"",""staff_level"":""professional"",""is_home"":false,""is_replacement"":true},{""planning_unit_id"":337,""employee_id"":918,""valid_from"":""2025-12-01"",""valid_until"":""2026-07-31"",""staff_level"":""professional"",""is_home"":false,""is_replacement"":true}]",[],[]
921,Keese Jenny,professional,77,PE 77,station,2026-02,4620,0,4620,0,"[{""planning_unit_id"":77,""employee_id"":921,""valid_from"":""2022-05-01"",""valid_until"":""2199-12-31"",""staff_level"":""professional"",""is_home"":true,""is_replacement"":false}]",[],[]
924,Merriweather Bärbl,professional,77,PE 77,station,2026-02,4561,0,4575,14,"[{""planning_unit_id"":77,""employee_id"":924,""valid_from"":""2022-05-13"",""valid_until"":""2199-12-31"",""staff_level"":""professional"",""is_home"":true,""is_replacement"":false}]",[],[]
925,Farniok Lina,professional,77,PE 77,station,2026-02,2772,695,2085,8,"[{""planning_unit_id"":77,""employee_id"":925,""valid_from"":""2022-05-01"",""valid_until"":""2199-12-31"",""staff_level"":""professional"",""is_home"":true,""is_replacement"":false}]","[{""availability_type"":""vacation"",""reason"":""U"",""shift_ids"":null,""employee_id"":925,""date"":""2026-02-02"",""native_absence"":true},{""availability_type"":""vacation"",""reason"":""U"",""shift_ids"":null,""employee_id"":925,""date"":""2026-02-03"",""native_absence"":true},{""availability_type"":""vacation"",""reason"":""U"",""shift_ids"":null,""employee_id"":925,""date"":""2026-02-04"",""native_absence"":true},{""availability_type"":""vacation"",""reason"":""U"",""shift_ids"":null,""employee_id"":925,""date"":""2026-02-05"",""native_absence"":true},{""availability_type"":""vacation"",""reason"":""U"",""shift_ids"":null,""employee_id"":925,""date"":""2026-02-06"",""native_absence"":true}]","[{""date"":""2026-02-02"",""minutes"":139,""kind"":""approved_absence"",""source"":""TimeOffice U absence""},{""date"":""2026-02-03"",""minutes"":139,""kind"":""approved_absence"",""source"":""TimeOffice U absence""},{""date"":""2026-02-04"",""minutes"":139,""kind"":""approved_absence"",""source"":""TimeOffice U absence""},{""date"":""2026-02-05"",""minutes"":139,""kind"":""approved_absence"",""source"":""TimeOffice U absence""},{""date"":""2026-02-06"",""minutes"":139,""kind"":""approved_absence"",""source"":""TimeOffice U absence""}]"
927,Mittrach Margaritt,assistant,77,PE 77,station,2026-02,4680,0,4695,15,"[{""planning_unit_id"":77,""employee_id"":927,""valid_from"":""2022-05-01"",""valid_until"":""2029-04-30"",""staff_level"":""assistant"",""is_home"":true,""is_replacement"":false}]",[],[]
928,Wunderlich Daniele,professional,77,PE 77,station,2026-02,5544,1385,4155,-4,"[{""planning_unit_id"":77,""employee_id"":928,""valid_from"":""2022-05-01"",""valid_until"":""2199-12-31"",""staff_level"":""professional"",""is_home"":true,""is_replacement"":false}]","[{""availability_type"":""vacation"",""reason"":""U"",""shift_ids"":null,""employee_id"":928,""date"":""2026-02-09"",""native_absence"":true},{""availability_type"":""vacation"",""reason"":""U"",""shift_ids"":null,""employee_id"":928,""date"":""2026-02-10"",""native_absence"":true},{""availability_type"":""vacation"",""reason"":""U"",""shift_ids"":null,""employee_id"":928,""date"":""2026-02-11"",""native_absence"":true},{""availability_type"":""vacation"",""reason"":""U"",""shift_ids"":null,""employee_id"":928,""date"":""2026-02-12"",""native_absence"":true},{""availability_type"":""vacation"",""reason"":""U"",""shift_ids"":null,""employee_id"":928,""date"":""2026-02-13"",""native_absence"":true}]","[{""date"":""2026-02-09"",""minutes"":277,""kind"":""approved_absence"",""source"":""TimeOffice U absence""},{""date"":""2026-02-10"",""minutes"":277,""kind"":""approved_absence"",""source"":""TimeOffice U absence""},{""date"":""2026-02-11"",""minutes"":277,""kind"":""approved_absence"",""source"":""TimeOffice U absence""},{""date"":""2026-02-12"",""minutes"":277,""kind"":""approved_absence"",""source"":""TimeOffice U absence""},{""date"":""2026-02-13"",""minutes"":277,""kind"":""approved_absence"",""source"":""TimeOffice U absence""}]"
941,Mosqueda Adelina,professional,85,PE 85,station,2026-02,9240,0,9225,-15,"[{""planning_unit_id"":85,""employee_id"":941,""valid_from"":""2021-11-01"",""valid_until"":""2199-12-31"",""staff_level"":""professional"",""is_home"":true,""is_replacement"":false}]",[],[]
946,Macdowell Lidia,professional,85,PE 85,station,2026-02,7176,0,7170,-6,"[{""planning_unit_id"":85,""employee_id"":946,""valid_from"":""2021-11-01"",""valid_until"":""2199-12-31"",""staff_level"":""professional"",""is_home"":true,""is_replacement"":false}]",[],[]
1138,Kunkel Annehild,professional,79,PE 79,station,2026-02,9240,0,9075,-165,"[{""planning_unit_id"":79,""employee_id"":1138,""valid_from"":""2024-06-20"",""valid_until"":""2199-12-31"",""staff_level"":""professional"",""is_home"":true,""is_replacement"":false}]",[],[]
1143,Dames Margareth,professional,79,PE 79,station,2026-02,9240,0,9195,-45,"[{""planning_unit_id"":79,""employee_id"":1143,""valid_from"":""2022-03-01"",""valid_until"":""2199-12-31"",""staff_level"":""professional"",""is_home"":true,""is_replacement"":false}]",[],[]
1144,Dalessandro Daniela,professional,78,PE 78,station,2026-02,9240,0,9225,-15,"[{""planning_unit_id"":78,""employee_id"":1144,""valid_from"":""2021-11-01"",""valid_until"":""2199-12-31"",""staff_level"":""professional"",""is_home"":true,""is_replacement"":false}]",[],[]
1147,Czerwinski Pauline,professional,78,PE 78,station,2026-02,7392,0,7395,3,"[{""planning_unit_id"":78,""employee_id"":1147,""valid_from"":""2021-11-01"",""valid_until"":""2199-12-31"",""staff_level"":""professional"",""is_home"":true,""is_replacement"":false}]",[],[]
1150,Domingue Frowine,professional,79,PE 79,station,2026-02,5280,0,5280,0,"[{""planning_unit_id"":79,""employee_id"":1150,""valid_from"":""2024-06-20"",""valid_until"":""2199-12-31"",""staff_level"":""professional"",""is_home"":true,""is_replacement"":false}]",[],[]
1161,Varney Anuschka,professional,79,PE 79,station,2026-02,9240,0,9210,-30,"[{""planning_unit_id"":79,""employee_id"":1161,""valid_from"":""2021-11-01"",""valid_until"":""2199-12-31"",""staff_level"":""professional"",""is_home"":true,""is_replacement"":false}]",[],[]
1167,Min Friedhard,professional,337,PE 337,station,2026-02,9240,0,9630,390,"[{""planning_unit_id"":337,""employee_id"":1167,""valid_from"":""2025-04-01"",""valid_until"":""2199-12-31"",""staff_level"":""professional"",""is_home"":true,""is_replacement"":false}]",[],[]
1175,Paladino Heideline,professional,78,PE 78,station,2026-02,9240,0,9165,-75,"[{""planning_unit_id"":78,""employee_id"":1175,""valid_from"":""2021-11-01"",""valid_until"":""2199-12-31"",""staff_level"":""professional"",""is_home"":true,""is_replacement"":false}]",[],[]
1184,Pedroza Bertwalda,professional,88,PE 88,station,2026-02,9240,0,9570,330,"[{""planning_unit_id"":88,""employee_id"":1184,""valid_from"":""2021-11-01"",""valid_until"":""2199-12-31"",""staff_level"":""professional"",""is_home"":true,""is_replacement"":false}]",[],[]
1191,Anoch Theobald,professional,88,PE 88,station,2026-02,9240,0,9690,450,"[{""planning_unit_id"":88,""employee_id"":1191,""valid_from"":""2021-11-01"",""valid_until"":""2199-12-31"",""staff_level"":""professional"",""is_home"":true,""is_replacement"":false}]",[],[]
1199,Connor Wanda,professional,83,PE 83,station,2026-02,9240,0,9525,285,"[{""planning_unit_id"":83,""employee_id"":1199,""valid_from"":""2023-08-01"",""valid_until"":""2199-12-31"",""staff_level"":""professional"",""is_home"":true,""is_replacement"":false}]",[],[]
1200,Stice Ingunde,professional,83,PE 83,station,2026-02,9240,0,9255,15,"[{""planning_unit_id"":83,""employee_id"":1200,""valid_from"":""2023-08-01"",""valid_until"":""2199-12-31"",""staff_level"":""professional"",""is_home"":true,""is_replacement"":false}]",[],[]
1203,Nadeau Annelen,professional,83,PE 83,station,2026-02,9240,0,9630,390,"[{""planning_unit_id"":83,""employee_id"":1203,""valid_from"":""2021-11-01"",""valid_until"":""2199-12-31"",""staff_level"":""professional"",""is_home"":true,""is_replacement"":false}]",[],[]
1209,Cobbs Delia,professional,83,PE 83,station,2026-02,9240,0,9675,435,"[{""planning_unit_id"":83,""employee_id"":1209,""valid_from"":""2022-09-01"",""valid_until"":""2199-12-31"",""staff_level"":""professional"",""is_home"":true,""is_replacement"":false}]",[],[]
1218,von der Brey Tabea,professional,68,PE 68,jumper_pool,2026-02,1200,0,1605,405,"[{""planning_unit_id"":68,""employee_id"":1218,""valid_from"":""2024-10-01"",""valid_until"":""2199-12-31"",""staff_level"":""professional"",""is_home"":true,""is_replacement"":false},{""planning_unit_id"":78,""employee_id"":1218,""valid_from"":""2025-12-01"",""valid_until"":""2026-07-31"",""staff_level"":""professional"",""is_home"":false,""is_replacement"":true},{""planning_unit_id"":83,""employee_id"":1218,""valid_from"":""2025-12-01"",""valid_until"":""2026-07-31"",""staff_level"":""professional"",""is_home"":false,""is_replacement"":true},{""planning_unit_id"":85,""employee_id"":1218,""valid_from"":""2025-12-01"",""valid_until"":""2026-07-31"",""staff_level"":""professional"",""is_home"":false,""is_replacement"":true},{""planning_unit_id"":88,""employee_id"":1218,""valid_from"":""2025-12-01"",""valid_until"":""2026-07-31"",""staff_level"":""professional"",""is_home"":false,""is_replacement"":true},{""planning_unit_id"":337,""employee_id"":1218,""valid_from"":""2025-12-01"",""valid_until"":""2026-07-31"",""staff_level"":""professional"",""is_home"":false,""is_replacement"":true}]",[],[]
1224,Mattingly Ännchen,professional,83,PE 83,station,2026-02,9240,0,9570,330,"[{""planning_unit_id"":83,""employee_id"":1224,""valid_from"":""2023-08-01"",""valid_until"":""2199-12-31"",""staff_level"":""professional"",""is_home"":true,""is_replacement"":false}]",[],[]
1226,Allan Diethard,professional,79,PE 79,station,2026-02,9240,0,9195,-45,"[{""planning_unit_id"":79,""employee_id"":1226,""valid_from"":""2022-09-01"",""valid_until"":""2199-12-31"",""staff_level"":""professional"",""is_home"":true,""is_replacement"":false}]",[],[]
1229,Onofre Mandy,professional,77,PE 77,station,2026-02,9240,2310,6660,-270,"[{""planning_unit_id"":77,""employee_id"":1229,""valid_from"":""2022-09-01"",""valid_until"":""2199-12-31"",""staff_level"":""professional"",""is_home"":true,""is_replacement"":false}]","[{""availability_type"":""vacation"",""reason"":""U"",""shift_ids"":null,""employee_id"":1229,""date"":""2026-02-16"",""native_absence"":true},{""availability_type"":""vacation"",""reason"":""U"",""shift_ids"":null,""employee_id"":1229,""date"":""2026-02-17"",""native_absence"":true},{""availability_type"":""vacation"",""reason"":""U"",""shift_ids"":null,""employee_id"":1229,""date"":""2026-02-18"",""native_absence"":true},{""availability_type"":""vacation"",""reason"":""U"",""shift_ids"":null,""employee_id"":1229,""date"":""2026-02-19"",""native_absence"":true},{""availability_type"":""vacation"",""reason"":""U"",""shift_ids"":null,""employee_id"":1229,""date"":""2026-02-20"",""native_absence"":true}]","[{""date"":""2026-02-16"",""minutes"":462,""kind"":""approved_absence"",""source"":""TimeOffice U absence""},{""date"":""2026-02-17"",""minutes"":462,""kind"":""approved_absence"",""source"":""TimeOffice U absence""},{""date"":""2026-02-18"",""minutes"":462,""kind"":""approved_absence"",""source"":""TimeOffice U absence""},{""date"":""2026-02-19"",""minutes"":462,""kind"":""approved_absence"",""source"":""TimeOffice U absence""},{""date"":""2026-02-20"",""minutes"":462,""kind"":""approved_absence"",""source"":""TimeOffice U absence""}]"
1230,Palacio Constance,professional,77,PE 77,station,2026-02,9240,2310,6825,-105,"[{""planning_unit_id"":77,""employee_id"":1230,""valid_from"":""2024-09-01"",""valid_until"":""2199-12-31"",""staff_level"":""professional"",""is_home"":true,""is_replacement"":false}]","[{""availability_type"":""vacation"",""reason"":""U"",""shift_ids"":null,""employee_id"":1230,""date"":""2026-02-23"",""native_absence"":true},{""availability_type"":""vacation"",""reason"":""U"",""shift_ids"":null,""employee_id"":1230,""date"":""2026-02-24"",""native_absence"":true},{""availability_type"":""vacation"",""reason"":""U"",""shift_ids"":null,""employee_id"":1230,""date"":""2026-02-25"",""native_absence"":true},{""availability_type"":""vacation"",""reason"":""U"",""shift_ids"":null,""employee_id"":1230,""date"":""2026-02-26"",""native_absence"":true},{""availability_type"":""vacation"",""reason"":""U"",""shift_ids"":null,""employee_id"":1230,""date"":""2026-02-27"",""native_absence"":true}]","[{""date"":""2026-02-23"",""minutes"":462,""kind"":""approved_absence"",""source"":""TimeOffice U absence""},{""date"":""2026-02-24"",""minutes"":462,""kind"":""approved_absence"",""source"":""TimeOffice U absence""},{""date"":""2026-02-25"",""minutes"":462,""kind"":""approved_absence"",""source"":""TimeOffice U absence""},{""date"":""2026-02-26"",""minutes"":462,""kind"":""approved_absence"",""source"":""TimeOffice U absence""},{""date"":""2026-02-27"",""minutes"":462,""kind"":""approved_absence"",""source"":""TimeOffice U absence""}]"
1231,Lary Rüdiger,professional,88,PE 88,station,2026-02,9240,0,9525,285,"[{""planning_unit_id"":88,""employee_id"":1231,""valid_from"":""2022-09-13"",""valid_until"":""2199-12-31"",""staff_level"":""professional"",""is_home"":true,""is_replacement"":false}]",[],[]
1238,Zucker Helfred,professional,88,PE 88,station,2026-02,9240,0,9660,420,"[{""planning_unit_id"":88,""employee_id"":1238,""valid_from"":""2023-01-01"",""valid_until"":""2199-12-31"",""staff_level"":""professional"",""is_home"":true,""is_replacement"":false}]",[],[]
1474,Renna Rotraud,professional,85,PE 85,station,2026-02,9240,0,9195,-45,"[{""planning_unit_id"":85,""employee_id"":1474,""valid_from"":""2023-09-01"",""valid_until"":""2199-12-31"",""staff_level"":""professional"",""is_home"":true,""is_replacement"":false}]",[],[]
2932,Devers Kersten,professional,77,PE 77,station,2026-02,9240,0,9180,-60,"[{""planning_unit_id"":77,""employee_id"":2932,""valid_from"":""2023-10-01"",""valid_until"":""2199-12-31"",""staff_level"":""professional"",""is_home"":true,""is_replacement"":false}]",[],[]
2939,Snead Ehrentrau,trainee,78,PE 78,station,2026-02,7392,0,7440,48,"[{""planning_unit_id"":78,""employee_id"":2939,""valid_from"":""2023-09-01"",""valid_until"":""2199-12-31"",""staff_level"":""professional"",""is_home"":true,""is_replacement"":false}]",[],[]
2946,Homes Swetlana,professional,78,PE 78,station,2026-02,9240,0,9210,-30,"[{""planning_unit_id"":78,""employee_id"":2946,""valid_from"":""2024-05-01"",""valid_until"":""2199-12-31"",""staff_level"":""professional"",""is_home"":true,""is_replacement"":false}]",[],[]
2963,Hoots Renilde,professional,77,PE 77,station,2026-02,9240,0,9240,0,"[{""planning_unit_id"":77,""employee_id"":2963,""valid_from"":""2022-05-01"",""valid_until"":""2199-12-31"",""staff_level"":""professional"",""is_home"":true,""is_replacement"":false}]",[],[]
3463,Pock Godelind,professional,79,PE 79,station,2026-02,9240,0,9255,15,"[{""planning_unit_id"":79,""employee_id"":3463,""valid_from"":""2024-06-20"",""valid_until"":""2199-12-31"",""staff_level"":""professional"",""is_home"":true,""is_replacement"":false}]",[],[]
3566,Seligman Elgine,professional,77,PE 77,station,2026-02,9240,0,9240,0,"[{""planning_unit_id"":77,""employee_id"":3566,""valid_from"":""2022-05-01"",""valid_until"":""2199-12-31"",""staff_level"":""professional"",""is_home"":true,""is_replacement"":false}]",[],[]
3642,Phinney Alheid,professional,88,PE 88,station,2026-02,9240,0,9660,420,"[{""planning_unit_id"":88,""employee_id"":3642,""valid_from"":""2021-11-01"",""valid_until"":""2199-12-31"",""staff_level"":""professional"",""is_home"":true,""is_replacement"":false}]",[],[]
3868,Vanfleet Eike,professional,77,PE 77,station,2026-02,9240,0,9075,-165,"[{""planning_unit_id"":77,""employee_id"":3868,""valid_from"":""2024-09-01"",""valid_until"":""2199-12-31"",""staff_level"":""professional"",""is_home"":true,""is_replacement"":false}]",[],[]
4064,Scheuenstuhl Rebecca,trainee,79,PE 79,station,2026-02,9240,0,9195,-45,"[{""planning_unit_id"":79,""employee_id"":4064,""valid_from"":""2024-11-01"",""valid_until"":""2199-12-31"",""staff_level"":""professional"",""is_home"":true,""is_replacement"":false}]",[],[]
4073,Przybylski Ingemarie,assistant,78,PE 78,station,2026-02,9240,0,8850,-390,"[{""planning_unit_id"":78,""employee_id"":4073,""valid_from"":""2024-09-01"",""valid_until"":""2199-12-31"",""staff_level"":""professional"",""is_home"":true,""is_replacement"":false}]",[],[]
4081,Burgard Marfriede,professional,78,PE 78,station,2026-02,9240,0,8850,-390,"[{""planning_unit_id"":78,""employee_id"":4081,""valid_from"":""2024-09-01"",""valid_until"":""2199-12-31"",""staff_level"":""professional"",""is_home"":true,""is_replacement"":false}]",[],[]
4082,Dufour Dahlia,professional,85,PE 85,station,2026-02,9240,0,9210,-30,"[{""planning_unit_id"":85,""employee_id"":4082,""valid_from"":""2024-10-01"",""valid_until"":""2199-12-31"",""staff_level"":""professional"",""is_home"":true,""is_replacement"":false}]",[],[]
4083,Drumm Wiegand,professional,83,PE 83,station,2026-02,7392,0,7680,288,"[{""planning_unit_id"":83,""employee_id"":4083,""valid_from"":""2024-09-01"",""valid_until"":""2199-12-31"",""staff_level"":""professional"",""is_home"":true,""is_replacement"":false}]",[],[]
4100,Storck Leonore,trainee,78,PE 78,station,2026-02,9240,0,9240,0,"[{""planning_unit_id"":78,""employee_id"":4100,""valid_from"":""2024-09-01"",""valid_until"":""2199-12-31"",""staff_level"":""professional"",""is_home"":true,""is_replacement"":false}]",[],[]
4101,Stott Birkhild,professional,83,PE 83,station,2026-02,9240,0,9525,285,"[{""planning_unit_id"":83,""employee_id"":4101,""valid_from"":""2024-10-23"",""valid_until"":""2199-12-31"",""staff_level"":""professional"",""is_home"":true,""is_replacement"":false}]",[],[]
4158,Engel Veronica,professional,79,PE 79,station,2026-02,6930,0,7035,105,"[{""planning_unit_id"":79,""employee_id"":4158,""valid_from"":""2024-11-01"",""valid_until"":""2199-12-31"",""staff_level"":""professional"",""is_home"":true,""is_replacement"":false}]",[],[]
5002,Britt Ingerose,professional,79,PE 79,station,2026-02,9240,0,9240,0,"[{""planning_unit_id"":79,""employee_id"":5002,""valid_from"":""2024-06-20"",""valid_until"":""2199-12-31"",""staff_level"":""professional"",""is_home"":true,""is_replacement"":false}]",[],[]
5318,Poindexter Rhiane,assistant,79,PE 79,station,2026-02,9240,0,9240,0,"[{""planning_unit_id"":79,""employee_id"":5318,""valid_from"":""2022-06-27"",""valid_until"":""2199-12-31"",""staff_level"":""assistant"",""is_home"":true,""is_replacement"":false}]",[],[]
5367,Donis Henni,assistant,77,PE 77,station,2026-02,9240,0,9240,0,"[{""planning_unit_id"":77,""employee_id"":5367,""valid_from"":""2022-06-15"",""valid_until"":""2199-12-31"",""staff_level"":""assistant"",""is_home"":true,""is_replacement"":false}]",[],[]
5844,Türpe Wernhild,professional,68,PE 68,jumper_pool,2026-02,9240,0,9480,240,"[{""planning_unit_id"":68,""employee_id"":5844,""valid_from"":""2024-06-01"",""valid_until"":""2199-12-31"",""staff_level"":""professional"",""is_home"":true,""is_replacement"":false},{""planning_unit_id"":78,""employee_id"":5844,""valid_from"":""2025-12-01"",""valid_until"":""2026-07-31"",""staff_level"":""professional"",""is_home"":false,""is_replacement"":true},{""planning_unit_id"":83,""employee_id"":5844,""valid_from"":""2025-12-01"",""valid_until"":""2026-07-31"",""staff_level"":""professional"",""is_home"":false,""is_replacement"":true},{""planning_unit_id"":85,""employee_id"":5844,""valid_from"":""2025-12-01"",""valid_until"":""2026-07-31"",""staff_level"":""professional"",""is_home"":false,""is_replacement"":true},{""planning_unit_id"":88,""employee_id"":5844,""valid_from"":""2025-12-01"",""valid_until"":""2026-07-31"",""staff_level"":""professional"",""is_home"":false,""is_replacement"":true},{""planning_unit_id"":337,""employee_id"":5844,""valid_from"":""2025-12-01"",""valid_until"":""2026-07-31"",""staff_level"":""professional"",""is_home"":false,""is_replacement"":true}]",[],[]
5866,Mcbrayer Siegmar,professional,85,PE 85,station,2026-02,9240,0,9225,-15,"[{""planning_unit_id"":85,""employee_id"":5866,""valid_from"":""2022-11-01"",""valid_until"":""2199-12-31"",""staff_level"":""professional"",""is_home"":true,""is_replacement"":false}]",[],[]
5920,Carreras Augustin,professional,85,PE 85,station,2026-02,9240,0,9270,30,"[{""planning_unit_id"":85,""employee_id"":5920,""valid_from"":""2025-04-01"",""valid_until"":""2199-12-31"",""staff_level"":""professional"",""is_home"":true,""is_replacement"":false}]",[],[]
6259,Trovato Annette,professional,68,PE 68,jumper_pool,2026-02,6468,0,6735,267,"[{""planning_unit_id"":68,""employee_id"":6259,""valid_from"":""2023-04-01"",""valid_until"":""2199-12-31"",""staff_level"":""professional"",""is_home"":true,""is_replacement"":false},{""planning_unit_id"":78,""employee_id"":6259,""valid_from"":""2025-12-01"",""valid_until"":""2026-07-31"",""staff_level"":""professional"",""is_home"":false,""is_replacement"":true},{""planning_unit_id"":83,""employee_id"":6259,""valid_from"":""2025-12-01"",""valid_until"":""2026-07-31"",""staff_level"":""professional"",""is_home"":false,""is_replacement"":true},{""planning_unit_id"":85,""employee_id"":6259,""valid_from"":""2025-12-01"",""valid_until"":""2026-07-31"",""staff_level"":""professional"",""is_home"":false,""is_replacement"":true},{""planning_unit_id"":88,""employee_id"":6259,""valid_from"":""2025-12-01"",""valid_until"":""2026-07-31"",""staff_level"":""professional"",""is_home"":false,""is_replacement"":true},{""planning_unit_id"":337,""employee_id"":6259,""valid_from"":""2025-12-01"",""valid_until"":""2026-07-31"",""staff_level"":""professional"",""is_home"":false,""is_replacement"":true}]",[],[]
6266,Clemmer Natalie,professional,77,PE 77,station,2026-02,9240,0,9240,0,"[{""planning_unit_id"":77,""employee_id"":6266,""valid_from"":""2023-04-01"",""valid_until"":""2199-12-31"",""staff_level"":""professional"",""is_home"":true,""is_replacement"":false}]",[],[]
6318,Gamblin Uschi,professional,68,PE 68,jumper_pool,2026-02,9240,0,9510,270,"[{""planning_unit_id"":68,""employee_id"":6318,""valid_from"":""2023-04-15"",""valid_until"":""2199-12-31"",""staff_level"":""professional"",""is_home"":true,""is_replacement"":false},{""planning_unit_id"":78,""employee_id"":6318,""valid_from"":""2025-12-01"",""valid_until"":""2026-07-31"",""staff_level"":""professional"",""is_home"":false,""is_replacement"":true},{""planning_unit_id"":83,""employee_id"":6318,""valid_from"":""2025-12-01"",""valid_until"":""2026-07-31"",""staff_level"":""professional"",""is_home"":false,""is_replacement"":true},{""planning_unit_id"":85,""employee_id"":6318,""valid_from"":""2025-12-01"",""valid_until"":""2026-07-31"",""staff_level"":""professional"",""is_home"":false,""is_replacement"":true},{""planning_unit_id"":88,""employee_id"":6318,""valid_from"":""2025-12-01"",""valid_until"":""2026-07-31"",""staff_level"":""professional"",""is_home"":false,""is_replacement"":true},{""planning_unit_id"":337,""employee_id"":6318,""valid_from"":""2025-12-01"",""valid_until"":""2026-07-31"",""staff_level"":""professional"",""is_home"":false,""is_replacement"":true}]",[],[]
6330,Grotian Dorle,professional,79,PE 79,station,2026-02,8371,0,8355,-16,"[{""planning_unit_id"":79,""employee_id"":6330,""valid_from"":""2025-03-10"",""valid_until"":""2026-09-09"",""staff_level"":""professional"",""is_home"":true,""is_replacement"":false}]",[],[]
6724,Vinton Gerda,professional,68,PE 68,jumper_pool,2026-02,2880,0,3225,345,"[{""planning_unit_id"":68,""employee_id"":6724,""valid_from"":""2023-09-01"",""valid_until"":""2199-12-31"",""staff_level"":""professional"",""is_home"":true,""is_replacement"":false},{""planning_unit_id"":78,""employee_id"":6724,""valid_from"":""2025-12-01"",""valid_until"":""2026-07-31"",""staff_level"":""professional"",""is_home"":false,""is_replacement"":true},{""planning_unit_id"":83,""employee_id"":6724,""valid_from"":""2025-12-01"",""valid_until"":""2026-07-31"",""staff_level"":""professional"",""is_home"":false,""is_replacement"":true},{""planning_unit_id"":85,""employee_id"":6724,""valid_from"":""2025-12-01"",""valid_until"":""2026-07-31"",""staff_level"":""professional"",""is_home"":false,""is_replacement"":true},{""planning_unit_id"":88,""employee_id"":6724,""valid_from"":""2025-12-01"",""valid_until"":""2026-07-31"",""staff_level"":""professional"",""is_home"":false,""is_replacement"":true},{""planning_unit_id"":337,""employee_id"":6724,""valid_from"":""2025-12-01"",""valid_until"":""2026-07-31"",""staff_level"":""professional"",""is_home"":false,""is_replacement"":true}]",[],[]
6727,Lenhart Fred,professional,77,PE 77,station,2026-02,9240,0,9030,-210,"[{""planning_unit_id"":77,""employee_id"":6727,""valid_from"":""2023-09-01"",""valid_until"":""2199-12-31"",""staff_level"":""professional"",""is_home"":true,""is_replacement"":false}]",[],[]
6773,Liddell Wiebke,assistant,85,PE 85,station,2026-02,9240,0,9225,-15,"[{""planning_unit_id"":85,""employee_id"":6773,""valid_from"":""2024-09-01"",""valid_until"":""2199-12-31"",""staff_level"":""assistant"",""is_home"":true,""is_replacement"":false}]",[],[]
6836,Valentino Trude,professional,77,PE 77,station,2026-02,9240,0,9180,-60,"[{""planning_unit_id"":77,""employee_id"":6836,""valid_from"":""2024-12-01"",""valid_until"":""2199-12-31"",""staff_level"":""professional"",""is_home"":true,""is_replacement"":false}]",[],[]
6928,Izzo Annelene,mfa,77,PE 77,station,2026-02,9240,2310,6855,-75,"[{""planning_unit_id"":77,""employee_id"":6928,""valid_from"":""2024-05-01"",""valid_until"":""2199-12-31"",""staff_level"":""mfa"",""is_home"":true,""is_replacement"":false}]","[{""availability_type"":""vacation"",""reason"":""U"",""shift_ids"":null,""employee_id"":6928,""date"":""2026-02-09"",""native_absence"":true},{""availability_type"":""vacation"",""reason"":""U"",""shift_ids"":null,""employee_id"":6928,""date"":""2026-02-10"",""native_absence"":true},{""availability_type"":""vacation"",""reason"":""U"",""shift_ids"":null,""employee_id"":6928,""date"":""2026-02-11"",""native_absence"":true},{""availability_type"":""vacation"",""reason"":""U"",""shift_ids"":null,""employee_id"":6928,""date"":""2026-02-12"",""native_absence"":true},{""availability_type"":""vacation"",""reason"":""U"",""shift_ids"":null,""employee_id"":6928,""date"":""2026-02-13"",""native_absence"":true}]","[{""date"":""2026-02-09"",""minutes"":462,""kind"":""approved_absence"",""source"":""TimeOffice U absence""},{""date"":""2026-02-10"",""minutes"":462,""kind"":""approved_absence"",""source"":""TimeOffice U absence""},{""date"":""2026-02-11"",""minutes"":462,""kind"":""approved_absence"",""source"":""TimeOffice U absence""},{""date"":""2026-02-12"",""minutes"":462,""kind"":""approved_absence"",""source"":""TimeOffice U absence""},{""date"":""2026-02-13"",""minutes"":462,""kind"":""approved_absence"",""source"":""TimeOffice U absence""}]"
6977,Pilgram Marinette,assistant,78,PE 78,station,2026-02,1200,0,1200,0,"[{""planning_unit_id"":78,""employee_id"":6977,""valid_from"":""2023-12-15"",""valid_until"":""2199-12-31"",""staff_level"":""professional"",""is_home"":true,""is_replacement"":false}]",[],[]
6995,Brooker Berna,professional,77,PE 77,station,2026-02,9240,0,9090,-150,"[{""planning_unit_id"":77,""employee_id"":6995,""valid_from"":""2024-01-01"",""valid_until"":""2199-12-31"",""staff_level"":""professional"",""is_home"":true,""is_replacement"":false}]",[],[]
7006,Cormier Sigrid,professional,68,PE 68,jumper_pool,2026-02,9240,0,9660,420,"[{""planning_unit_id"":68,""employee_id"":7006,""valid_from"":""2024-01-01"",""valid_until"":""2199-12-31"",""staff_level"":""professional"",""is_home"":true,""is_replacement"":false},{""planning_unit_id"":78,""employee_id"":7006,""valid_from"":""2025-12-01"",""valid_until"":""2026-07-31"",""staff_level"":""professional"",""is_home"":false,""is_replacement"":true},{""planning_unit_id"":83,""employee_id"":7006,""valid_from"":""2025-12-01"",""valid_until"":""2026-07-31"",""staff_level"":""professional"",""is_home"":false,""is_replacement"":true},{""planning_unit_id"":85,""employee_id"":7006,""valid_from"":""2025-12-01"",""valid_until"":""2026-07-31"",""staff_level"":""professional"",""is_home"":false,""is_replacement"":true},{""planning_unit_id"":88,""employee_id"":7006,""valid_from"":""2025-12-01"",""valid_until"":""2026-07-31"",""staff_level"":""professional"",""is_home"":false,""is_replacement"":true},{""planning_unit_id"":337,""employee_id"":7006,""valid_from"":""2025-12-01"",""valid_until"":""2026-07-31"",""staff_level"":""professional"",""is_home"":false,""is_replacement"":true}]",[],[]
7028,Cranmer Gretlies,professional,77,PE 77,station,2026-02,9240,0,9045,-195,"[{""planning_unit_id"":77,""employee_id"":7028,""valid_from"":""2024-01-01"",""valid_until"":""2199-12-31"",""staff_level"":""professional"",""is_home"":true,""is_replacement"":false}]",[],[]
7124,Pirkle Xaver,professional,77,PE 77,station,2026-02,9240,0,9210,-30,"[{""planning_unit_id"":77,""employee_id"":7124,""valid_from"":""2024-02-01"",""valid_until"":""2199-12-31"",""staff_level"":""professional"",""is_home"":true,""is_replacement"":false}]",[],[]
7131,Mccarley Elrike,trainee,79,PE 79,station,2026-02,9240,2310,6960,30,"[{""planning_unit_id"":79,""employee_id"":7131,""valid_from"":""2024-03-01"",""valid_until"":""2199-12-31"",""staff_level"":""professional"",""is_home"":true,""is_replacement"":false}]","[{""availability_type"":""vacation"",""reason"":""U"",""shift_ids"":null,""employee_id"":7131,""date"":""2026-02-02"",""native_absence"":true},{""availability_type"":""vacation"",""reason"":""U"",""shift_ids"":null,""employee_id"":7131,""date"":""2026-02-03"",""native_absence"":true},{""availability_type"":""vacation"",""reason"":""U"",""shift_ids"":null,""employee_id"":7131,""date"":""2026-02-04"",""native_absence"":true},{""availability_type"":""vacation"",""reason"":""U"",""shift_ids"":null,""employee_id"":7131,""date"":""2026-02-05"",""native_absence"":true},{""availability_type"":""vacation"",""reason"":""U"",""shift_ids"":null,""employee_id"":7131,""date"":""2026-02-06"",""native_absence"":true}]","[{""date"":""2026-02-02"",""minutes"":462,""kind"":""approved_absence"",""source"":""TimeOffice U absence""},{""date"":""2026-02-03"",""minutes"":462,""kind"":""approved_absence"",""source"":""TimeOffice U absence""},{""date"":""2026-02-04"",""minutes"":462,""kind"":""approved_absence"",""source"":""TimeOffice U absence""},{""date"":""2026-02-05"",""minutes"":462,""kind"":""approved_absence"",""source"":""TimeOffice U absence""},{""date"":""2026-02-06"",""minutes"":462,""kind"":""approved_absence"",""source"":""TimeOffice U absence""}]"
7132,Maderdonner Reinburga,professional,79,PE 79,station,2026-02,9240,2310,6645,-285,"[{""planning_unit_id"":79,""employee_id"":7132,""valid_from"":""2024-03-16"",""valid_until"":""2199-12-31"",""staff_level"":""professional"",""is_home"":true,""is_replacement"":false}]","[{""availability_type"":""vacation"",""reason"":""U"",""shift_ids"":null,""employee_id"":7132,""date"":""2026-02-09"",""native_absence"":true},{""availability_type"":""vacation"",""reason"":""U"",""shift_ids"":null,""employee_id"":7132,""date"":""2026-02-10"",""native_absence"":true},{""availability_type"":""vacation"",""reason"":""U"",""shift_ids"":null,""employee_id"":7132,""date"":""2026-02-11"",""native_absence"":true},{""availability_type"":""vacation"",""reason"":""U"",""shift_ids"":null,""employee_id"":7132,""date"":""2026-02-12"",""native_absence"":true},{""availability_type"":""vacation"",""reason"":""U"",""shift_ids"":null,""employee_id"":7132,""date"":""2026-02-13"",""native_absence"":true}]","[{""date"":""2026-02-09"",""minutes"":462,""kind"":""approved_absence"",""source"":""TimeOffice U absence""},{""date"":""2026-02-10"",""minutes"":462,""kind"":""approved_absence"",""source"":""TimeOffice U absence""},{""date"":""2026-02-11"",""minutes"":462,""kind"":""approved_absence"",""source"":""TimeOffice U absence""},{""date"":""2026-02-12"",""minutes"":462,""kind"":""approved_absence"",""source"":""TimeOffice U absence""},{""date"":""2026-02-13"",""minutes"":462,""kind"":""approved_absence"",""source"":""TimeOffice U absence""}]"
7207,Roark Aloisia,trainee,79,PE 79,station,2026-02,8400,2100,6300,0,"[{""planning_unit_id"":79,""employee_id"":7207,""valid_from"":""2024-09-01"",""valid_until"":""2199-12-31"",""staff_level"":""professional"",""is_home"":true,""is_replacement"":false}]","[{""availability_type"":""vacation"",""reason"":""U"",""shift_ids"":null,""employee_id"":7207,""date"":""2026-02-16"",""native_absence"":true},{""availability_type"":""vacation"",""reason"":""U"",""shift_ids"":null,""employee_id"":7207,""date"":""2026-02-17"",""native_absence"":true},{""availability_type"":""vacation"",""reason"":""U"",""shift_ids"":null,""employee_id"":7207,""date"":""2026-02-18"",""native_absence"":true},{""availability_type"":""vacation"",""reason"":""U"",""shift_ids"":null,""employee_id"":7207,""date"":""2026-02-19"",""native_absence"":true},{""availability_type"":""vacation"",""reason"":""U"",""shift_ids"":null,""employee_id"":7207,""date"":""2026-02-20"",""native_absence"":true}]","[{""date"":""2026-02-16"",""minutes"":420,""kind"":""approved_absence"",""source"":""TimeOffice U absence""},{""date"":""2026-02-17"",""minutes"":420,""kind"":""approved_absence"",""source"":""TimeOffice U absence""},{""date"":""2026-02-18"",""minutes"":420,""kind"":""approved_absence"",""source"":""TimeOffice U absence""},{""date"":""2026-02-19"",""minutes"":420,""kind"":""approved_absence"",""source"":""TimeOffice U absence""},{""date"":""2026-02-20"",""minutes"":420,""kind"":""approved_absence"",""source"":""TimeOffice U absence""}]"
7375,Fridam Gangolf,professional,77,PE 77,station,2026-02,9240,0,9240,0,"[{""planning_unit_id"":77,""employee_id"":7375,""valid_from"":""2024-03-05"",""valid_until"":""2199-12-31"",""staff_level"":""professional"",""is_home"":true,""is_replacement"":false}]",[],[]
7378,Boulware Ina,professional,77,PE 77,station,2026-02,9240,0,9240,0,"[{""planning_unit_id"":77,""employee_id"":7378,""valid_from"":""2024-03-06"",""valid_until"":""2199-12-31"",""staff_level"":""professional"",""is_home"":true,""is_replacement"":false}]",[],[]
7490,Waldinger Annemargr,professional,68,PE 68,jumper_pool,2026-02,8323,0,8745,422,"[{""planning_unit_id"":68,""employee_id"":7490,""valid_from"":""2024-05-01"",""valid_until"":""2199-12-31"",""staff_level"":""professional"",""is_home"":true,""is_replacement"":false},{""planning_unit_id"":78,""employee_id"":7490,""valid_from"":""2025-12-01"",""valid_until"":""2026-07-31"",""staff_level"":""professional"",""is_home"":false,""is_replacement"":true},{""planning_unit_id"":83,""employee_id"":7490,""valid_from"":""2025-12-01"",""valid_until"":""2026-07-31"",""staff_level"":""professional"",""is_home"":false,""is_replacement"":true},{""planning_unit_id"":85,""employee_id"":7490,""valid_from"":""2025-12-01"",""valid_until"":""2026-07-31"",""staff_level"":""professional"",""is_home"":false,""is_replacement"":true},{""planning_unit_id"":88,""employee_id"":7490,""valid_from"":""2025-12-01"",""valid_until"":""2026-07-31"",""staff_level"":""professional"",""is_home"":false,""is_replacement"":true},{""planning_unit_id"":337,""employee_id"":7490,""valid_from"":""2025-12-01"",""valid_until"":""2026-07-31"",""staff_level"":""professional"",""is_home"":false,""is_replacement"":true}]",[],[]
7496,Demarco Marcus,professional,77,PE 77,station,2026-02,8400,0,8445,45,"[{""planning_unit_id"":77,""employee_id"":7496,""valid_from"":""2024-05-01"",""valid_until"":""2199-12-31"",""staff_level"":""professional"",""is_home"":true,""is_replacement"":false}]",[],[]
7603,Roberson Ludger,professional,77,PE 77,station,2026-02,9240,0,9015,-225,"[{""planning_unit_id"":77,""employee_id"":7603,""valid_from"":""2024-07-01"",""valid_until"":""2199-12-31"",""staff_level"":""professional"",""is_home"":true,""is_replacement"":false}]",[],[]
7606,Lenahan Oda,assistant,77,PE 77,station,2026-02,7200,0,7185,-15,"[{""planning_unit_id"":77,""employee_id"":7606,""valid_from"":""2024-06-17"",""valid_until"":""2199-12-31"",""staff_level"":""assistant"",""is_home"":true,""is_replacement"":false}]",[],[]
7660,Rast Agatha,assistant,77,PE 77,station,2026-02,7200,0,7185,-15,"[{""planning_unit_id"":77,""employee_id"":7660,""valid_from"":""2024-07-01"",""valid_until"":""2199-12-31"",""staff_level"":""assistant"",""is_home"":true,""is_replacement"":false}]",[],[]
7741,Tharp Sieghardt,professional,68,PE 68,jumper_pool,2026-02,960,0,1395,435,"[{""planning_unit_id"":68,""employee_id"":7741,""valid_from"":""2024-08-01"",""valid_until"":""2199-12-31"",""staff_level"":""professional"",""is_home"":true,""is_replacement"":false},{""planning_unit_id"":78,""employee_id"":7741,""valid_from"":""2025-12-01"",""valid_until"":""2026-07-31"",""staff_level"":""professional"",""is_home"":false,""is_replacement"":true},{""planning_unit_id"":83,""employee_id"":7741,""valid_from"":""2025-12-01"",""valid_until"":""2026-07-31"",""staff_level"":""professional"",""is_home"":false,""is_replacement"":true},{""planning_unit_id"":85,""employee_id"":7741,""valid_from"":""2025-12-01"",""valid_until"":""2026-07-31"",""staff_level"":""professional"",""is_home"":false,""is_replacement"":true},{""planning_unit_id"":88,""employee_id"":7741,""valid_from"":""2025-12-01"",""valid_until"":""2026-07-31"",""staff_level"":""professional"",""is_home"":false,""is_replacement"":true},{""planning_unit_id"":337,""employee_id"":7741,""valid_from"":""2025-12-01"",""valid_until"":""2026-07-31"",""staff_level"":""professional"",""is_home"":false,""is_replacement"":true}]",[],[]
7919,Weathers Irma,professional,77,PE 77,station,2026-02,9240,0,9210,-30,"[{""planning_unit_id"":77,""employee_id"":7919,""valid_from"":""2024-10-01"",""valid_until"":""2199-12-31"",""staff_level"":""professional"",""is_home"":true,""is_replacement"":false}]",[],[]
8046,Springer Alina,professional,408,PE 408,jumper_pool,2026-02,9240,0,9495,255,"[{""planning_unit_id"":77,""employee_id"":8046,""valid_from"":""2025-12-01"",""valid_until"":""2026-07-31"",""staff_level"":""professional"",""is_home"":false,""is_replacement"":true},{""planning_unit_id"":78,""employee_id"":8046,""valid_from"":""2025-12-01"",""valid_until"":""2026-07-31"",""staff_level"":""professional"",""is_home"":false,""is_replacement"":true},{""planning_unit_id"":79,""employee_id"":8046,""valid_from"":""2025-12-01"",""valid_until"":""2026-07-31"",""staff_level"":""professional"",""is_home"":false,""is_replacement"":true},{""planning_unit_id"":83,""employee_id"":8046,""valid_from"":""2025-12-01"",""valid_until"":""2026-07-31"",""staff_level"":""professional"",""is_home"":false,""is_replacement"":true},{""planning_unit_id"":85,""employee_id"":8046,""valid_from"":""2025-12-01"",""valid_until"":""2026-07-31"",""staff_level"":""professional"",""is_home"":false,""is_replacement"":true},{""planning_unit_id"":88,""employee_id"":8046,""valid_from"":""2025-12-01"",""valid_until"":""2026-07-31"",""staff_level"":""professional"",""is_home"":false,""is_replacement"":true},{""planning_unit_id"":337,""employee_id"":8046,""valid_from"":""2025-12-01"",""valid_until"":""2026-07-31"",""staff_level"":""professional"",""is_home"":false,""is_replacement"":true},{""planning_unit_id"":408,""employee_id"":8046,""valid_from"":""2024-01-01"",""valid_until"":""2099-12-31"",""staff_level"":""professional"",""is_home"":true,""is_replacement"":false}]",[],[]
8047,Springer Boris,professional,408,PE 408,jumper_pool,2026-02,9240,0,9690,450,"[{""planning_unit_id"":77,""employee_id"":8047,""valid_from"":""2025-12-01"",""valid_until"":""2026-07-31"",""staff_level"":""professional"",""is_home"":false,""is_replacement"":true},{""planning_unit_id"":78,""employee_id"":8047,""valid_from"":""2025-12-01"",""valid_until"":""2026-07-31"",""staff_level"":""professional"",""is_home"":false,""is_replacement"":true},{""planning_unit_id"":79,""employee_id"":8047,""valid_from"":""2025-12-01"",""valid_until"":""2026-07-31"",""staff_level"":""professional"",""is_home"":false,""is_replacement"":true},{""planning_unit_id"":83,""employee_id"":8047,""valid_from"":""2025-12-01"",""valid_until"":""2026-07-31"",""staff_level"":""professional"",""is_home"":false,""is_replacement"":true},{""planning_unit_id"":85,""employee_id"":8047,""valid_from"":""2025-12-01"",""valid_until"":""2026-07-31"",""staff_level"":""professional"",""is_home"":false,""is_replacement"":true},{""planning_unit_id"":88,""employee_id"":8047,""valid_from"":""2025-12-01"",""valid_until"":""2026-07-31"",""staff_level"":""professional"",""is_home"":false,""is_replacement"":true},{""planning_unit_id"":337,""employee_id"":8047,""valid_from"":""2025-12-01"",""valid_until"":""2026-07-31"",""staff_level"":""professional"",""is_home"":false,""is_replacement"":true},{""planning_unit_id"":408,""employee_id"":8047,""valid_from"":""2024-01-01"",""valid_until"":""2099-12-31"",""staff_level"":""professional"",""is_home"":true,""is_replacement"":false}]",[],[]
8048,Springer Cem,professional,408,PE 408,jumper_pool,2026-02,9240,0,9435,195,"[{""planning_unit_id"":77,""employee_id"":8048,""valid_from"":""2025-12-01"",""valid_until"":""2026-07-31"",""staff_level"":""professional"",""is_home"":false,""is_replacement"":true},{""planning_unit_id"":78,""employee_id"":8048,""valid_from"":""2025-12-01"",""valid_until"":""2026-07-31"",""staff_level"":""professional"",""is_home"":false,""is_replacement"":true},{""planning_unit_id"":79,""employee_id"":8048,""valid_from"":""2025-12-01"",""valid_until"":""2026-07-31"",""staff_level"":""professional"",""is_home"":false,""is_replacement"":true},{""planning_unit_id"":83,""employee_id"":8048,""valid_from"":""2025-12-01"",""valid_until"":""2026-07-31"",""staff_level"":""professional"",""is_home"":false,""is_replacement"":true},{""planning_unit_id"":85,""employee_id"":8048,""valid_from"":""2025-12-01"",""valid_until"":""2026-07-31"",""staff_level"":""professional"",""is_home"":false,""is_replacement"":true},{""planning_unit_id"":88,""employee_id"":8048,""valid_from"":""2025-12-01"",""valid_until"":""2026-07-31"",""staff_level"":""professional"",""is_home"":false,""is_replacement"":true},{""planning_unit_id"":337,""employee_id"":8048,""valid_from"":""2025-12-01"",""valid_until"":""2026-07-31"",""staff_level"":""professional"",""is_home"":false,""is_replacement"":true},{""planning_unit_id"":408,""employee_id"":8048,""valid_from"":""2024-01-01"",""valid_until"":""2099-12-31"",""staff_level"":""professional"",""is_home"":true,""is_replacement"":false}]",[],[]
8049,Springer Dana,professional,408,PE 408,jumper_pool,2026-02,9240,0,9615,375,"[{""planning_unit_id"":77,""employee_id"":8049,""valid_from"":""2025-12-01"",""valid_until"":""2026-07-31"",""staff_level"":""professional"",""is_home"":false,""is_replacement"":true},{""planning_unit_id"":78,""employee_id"":8049,""valid_from"":""2025-12-01"",""valid_until"":""2026-07-31"",""staff_level"":""professional"",""is_home"":false,""is_replacement"":true},{""planning_unit_id"":79,""employee_id"":8049,""valid_from"":""2025-12-01"",""valid_until"":""2026-07-31"",""staff_level"":""professional"",""is_home"":false,""is_replacement"":true},{""planning_unit_id"":83,""employee_id"":8049,""valid_from"":""2025-12-01"",""valid_until"":""2026-07-31"",""staff_level"":""professional"",""is_home"":false,""is_replacement"":true},{""planning_unit_id"":85,""employee_id"":8049,""valid_from"":""2025-12-01"",""valid_until"":""2026-07-31"",""staff_level"":""professional"",""is_home"":false,""is_replacement"":true},{""planning_unit_id"":88,""employee_id"":8049,""valid_from"":""2025-12-01"",""valid_until"":""2026-07-31"",""staff_level"":""professional"",""is_home"":false,""is_replacement"":true},{""planning_unit_id"":337,""employee_id"":8049,""valid_from"":""2025-12-01"",""valid_until"":""2026-07-31"",""staff_level"":""professional"",""is_home"":false,""is_replacement"":true},{""planning_unit_id"":408,""employee_id"":8049,""valid_from"":""2024-01-01"",""valid_until"":""2099-12-31"",""staff_level"":""professional"",""is_home"":true,""is_replacement"":false}]",[],[]
8050,Springer Emil,professional,408,PE 408,jumper_pool,2026-02,9240,0,9645,405,"[{""planning_unit_id"":77,""employee_id"":8050,""valid_from"":""2025-12-01"",""valid_until"":""2026-07-31"",""staff_level"":""professional"",""is_home"":false,""is_replacement"":true},{""planning_unit_id"":78,""employee_id"":8050,""valid_from"":""2025-12-01"",""valid_until"":""2026-07-31"",""staff_level"":""professional"",""is_home"":false,""is_replacement"":true},{""planning_unit_id"":79,""employee_id"":8050,""valid_from"":""2025-12-01"",""valid_until"":""2026-07-31"",""staff_level"":""professional"",""is_home"":false,""is_replacement"":true},{""planning_unit_id"":83,""employee_id"":8050,""valid_from"":""2025-12-01"",""valid_until"":""2026-07-31"",""staff_level"":""professional"",""is_home"":false,""is_replacement"":true},{""planning_unit_id"":85,""employee_id"":8050,""valid_from"":""2025-12-01"",""valid_until"":""2026-07-31"",""staff_level"":""professional"",""is_home"":false,""is_replacement"":true},{""planning_unit_id"":88,""employee_id"":8050,""valid_from"":""2025-12-01"",""valid_until"":""2026-07-31"",""staff_level"":""professional"",""is_home"":false,""is_replacement"":true},{""planning_unit_id"":337,""employee_id"":8050,""valid_from"":""2025-12-01"",""valid_until"":""2026-07-31"",""staff_level"":""professional"",""is_home"":false,""is_replacement"":true},{""planning_unit_id"":408,""employee_id"":8050,""valid_from"":""2024-01-01"",""valid_until"":""2099-12-31"",""staff_level"":""professional"",""is_home"":true,""is_replacement"":false}]",[],[]
8051,Springer Farah,assistant,408,PE 408,jumper_pool,2026-02,9240,0,8895,-345,"[{""planning_unit_id"":77,""employee_id"":8051,""valid_from"":""2025-12-01"",""valid_until"":""2026-07-31"",""staff_level"":""assistant"",""is_home"":false,""is_replacement"":true},{""planning_unit_id"":78,""employee_id"":8051,""valid_from"":""2025-12-01"",""valid_until"":""2026-07-31"",""staff_level"":""assistant"",""is_home"":false,""is_replacement"":true},{""planning_unit_id"":79,""employee_id"":8051,""valid_from"":""2025-12-01"",""valid_until"":""2026-07-31"",""staff_level"":""assistant"",""is_home"":false,""is_replacement"":true},{""planning_unit_id"":83,""employee_id"":8051,""valid_from"":""2025-12-01"",""valid_until"":""2026-07-31"",""staff_level"":""assistant"",""is_home"":false,""is_replacement"":true},{""planning_unit_id"":85,""employee_id"":8051,""valid_from"":""2025-12-01"",""valid_until"":""2026-07-31"",""staff_level"":""assistant"",""is_home"":false,""is_replacement"":true},{""planning_unit_id"":88,""employee_id"":8051,""valid_from"":""2025-12-01"",""valid_until"":""2026-07-31"",""staff_level"":""assistant"",""is_home"":false,""is_replacement"":true},{""planning_unit_id"":337,""employee_id"":8051,""valid_from"":""2025-12-01"",""valid_until"":""2026-07-31"",""staff_level"":""assistant"",""is_home"":false,""is_replacement"":true},{""planning_unit_id"":408,""employee_id"":8051,""valid_from"":""2024-01-01"",""valid_until"":""2099-12-31"",""staff_level"":""assistant"",""is_home"":true,""is_replacement"":false}]",[],[]
8052,Springer Greta,trainee,408,PE 408,jumper_pool,2026-02,9240,0,9660,420,"[{""planning_unit_id"":77,""employee_id"":8052,""valid_from"":""2025-12-01"",""valid_until"":""2026-07-31"",""staff_level"":""trainee"",""is_home"":false,""is_replacement"":true},{""planning_unit_id"":78,""employee_id"":8052,""valid_from"":""2025-12-01"",""valid_until"":""2026-07-31"",""staff_level"":""trainee"",""is_home"":false,""is_replacement"":true},{""planning_unit_id"":79,""employee_id"":8052,""valid_from"":""2025-12-01"",""valid_until"":""2026-07-31"",""staff_level"":""trainee"",""is_home"":false,""is_replacement"":true},{""planning_unit_id"":83,""employee_id"":8052,""valid_from"":""2025-12-01"",""valid_until"":""2026-07-31"",""staff_level"":""trainee"",""is_home"":false,""is_replacement"":true},{""planning_unit_id"":85,""employee_id"":8052,""valid_from"":""2025-12-01"",""valid_until"":""2026-07-31"",""staff_level"":""trainee"",""is_home"":false,""is_replacement"":true},{""planning_unit_id"":88,""employee_id"":8052,""valid_from"":""2025-12-01"",""valid_until"":""2026-07-31"",""staff_level"":""trainee"",""is_home"":false,""is_replacement"":true},{""planning_unit_id"":337,""employee_id"":8052,""valid_from"":""2025-12-01"",""valid_until"":""2026-07-31"",""staff_level"":""trainee"",""is_home"":false,""is_replacement"":true},{""planning_unit_id"":408,""employee_id"":8052,""valid_from"":""2024-01-01"",""valid_until"":""2099-12-31"",""staff_level"":""trainee"",""is_home"":true,""is_replacement"":false}]",[],[]
