planning_unit_id,planning_unit_name,date,shift_id,shift_code,staff_level,qualifikation,required_count,assigned_count,missing_count
77,PE 77,2026-03-02,1113,F,mfa,MFA,1,0,1
77,PE 77,2026-03-02,1113,F,trainee,Azubi,1,0,1
77,PE 77,2026-03-03,1113,F,mfa,MFA,1,0,1
77,PE 77,2026-03-03,1113,F,trainee,Azubi,1,0,1
77,PE 77,2026-03-05,1113,F,trainee,Azubi,1,0,1
77,PE 77,2026-03-06,1113,F,trainee,Azubi,1,0,1
77,PE 77,2026-03-09,1113,F,trainee,Azubi,1,0,1
77,PE 77,2026-03-10,1113,F,trainee,Azubi,1,0,1
77,PE 77,2026-03-11,1113,F,trainee,Azubi,1,0,1
77,PE 77,2026-03-12,1113,F,trainee,Azubi,1,0,1
77,PE 77,2026-03-13,1113,F,trainee,Azubi,1,0,1
77,PE 77,2026-03-16,1113,F,trainee,Azubi,1,0,1
77,PE 77,2026-03-17,1113,F,trainee,Azubi,1,0,1
77,PE 77,2026-03-18,1113,F,trainee,Azubi,1,0,1
77,PE 77,2026-03-19,1113,F,trainee,Azubi,1,0,1
77,PE 77,2026-03-20,1113,F,trainee,Azubi,1,0,1
77,PE 77,2026-03-23,1113,F,trainee,Azubi,1,0,1
77,PE 77,2026-03-24,1113,F,trainee,Azubi,1,0,1
77,PE 77,2026-03-25,1113,F,trainee,Azubi,1,0,1
77,PE 77,2026-03-26,1113,F,trainee,Azubi,1,0,1
77,PE 77,2026-03-27,1113,F,trainee,Azubi,1,0,1
77,PE 77,2026-03-30,1113,F,trainee,Azubi,1,0,1
77,PE 77,2026-03-31,1113,F,trainee,Azubi,1,0,1
78,PE 78,2026-03-01,1605,S,trainee,Azubi,1,0,1
78,PE 78,2026-03-02,1113,F,trainee,Azubi,1,0,1
78,PE 78,2026-03-02,1605,S,trainee,Azubi,1,0,1
78,PE 78,2026-03-03,1113,F,trainee,Azubi,1,0,1
78,PE 78,2026-03-03,1605,S,trainee,Azubi,1,0,1
78,PE 78,2026-03-04,1113,F,trainee,Azubi,1,0,1
78,PE 78,2026-03-04,1605,S,trainee,Azubi,1,0,1
78,PE 78,2026-03-05,1605,S,trainee,Azubi,1,0,1
78,PE 78,2026-03-06,1113,F,trainee,Azubi,1,0,1
78,PE 78,2026-03-06,1605,S,trainee,Azubi,1,0,1
78,PE 78,2026-03-07,1113,F,trainee,Azubi,1,0,1
78,PE 78,2026-03-07,1605,S,trainee,Azubi,1,0,1
78,PE 78,2026-03-08,1113,F,trainee,Azubi,1,0,1
78,PE 78,2026-03-08,1605,S,trainee,Azubi,1,0,1
78,PE 78,2026-03-09,1113,F,trainee,Azubi,1,0,1
78,PE 78,2026-03-09,1605,S,trainee,Azubi,1,0,1
78,PE 78,2026-03-10,1113,F,trainee,Azubi,1,0,1
78,PE 78,2026-03-10,1605,S,trainee,Azubi,1,0,1
78,PE 78,2026-03-11,1113,F,trainee,Azubi,1,0,1
78,PE 78,2026-03-11,1605,S,trainee,Azubi,1,0,1
78,PE 78,2026-03-12,1113,F,trainee,Azubi,1,0,1
78,PE 78,2026-03-12,1605,S,trainee,Azubi,1,0,1
78,PE 78,2026-03-13,1113,F,trainee,Azubi,1,0,1
78,PE 78,2026-03-13,1605,S,trainee,Azubi,1,0,1
78,PE 78,2026-03-14,1113,F,trainee,Azubi,1,0,1
78,PE 78,2026-03-14,1605,S,trainee,Azubi,1,0,1
78,PE 78,2026-03-15,1605,S,trainee,Azubi,1,0,1
78,PE 78,2026-03-16,1113,F,trainee,Azubi,1,0,1
78,PE 78,2026-03-16,1605,S,trainee,Azubi,1,0,1
78,PE 78,2026-03-17,1113,F,trainee,Azubi,1,0,1
78,PE 78,2026-03-17,1605,S,trainee,Azubi,1,0,1
78,PE 78,2026-03-18,1113,F,trainee,Azubi,1,0,1
78,PE 78,2026-03-18,1605,S,trainee,Azubi,1,0,1
78,PE 78,2026-03-19,1113,F,trainee,Azubi,1,0,1
78,PE 78,2026-03-19,1605,S,trainee,Azubi,1,0,1
78,PE 78,2026-03-20,1113,F,trainee,Azubi,1,0,1
78,PE 78,2026-03-20,1605,S,trainee,Azubi,1,0,1
78,PE 78,2026-03-21,1113,F,trainee,Azubi,1,0,1
78,PE 78,2026-03-21,1605,S,trainee,Azubi,1,0,1
78,PE 78,2026-03-22,1113,F,trainee,Azubi,1,0,1
78,PE 78,2026-03-22,1605,S,trainee,Azubi,1,0,1
78,PE 78,2026-03-23,1113,F,trainee,Azubi,1,0,1
78,PE 78,2026-03-23,1605,S,trainee,Azubi,1,0,1
78,PE 78,2026-03-24,1113,F,trainee,Azubi,1,0,1
78,PE 78,2026-03-24,1605,S,trainee,Azubi,1,0,1
78,PE 78,2026-03-25,1113,F,trainee,Azubi,1,0,1
78,PE 78,2026-03-25,1605,S,trainee,Azubi,1,0,1
78,PE 78,2026-03-26,1113,F,trainee,Azubi,1,0,1
78,PE 78,2026-03-26,1605,S,trainee,Azubi,1,0,1
78,PE 78,2026-03-27,1113,F,trainee,Azubi,1,0,1
78,PE 78,2026-03-27,1605,S,trainee,Azubi,1,0,1
78,PE 78,2026-03-28,1113,F,trainee,Azubi,1,0,1
78,PE 78,2026-03-28,1605,S,trainee,Azubi,1,0,1
78,PE 78,2026-03-29,1113,F,trainee,Azubi,1,0,1
78,PE 78,2026-03-29,1605,S,trainee,Azubi,1,0,1
78,PE 78,2026-03-30,1605,S,trainee,Azubi,1,0,1
78,PE 78,2026-03-31,1113,F,trainee,Azubi,1,0,1
78,PE 78,2026-03-31,1605,S,trainee,Azubi,1,0,1
83,PE 83,2026-03-01,1113,F,trainee,Azubi,1,0,1
83,PE 83,2026-03-01,1605,S,professional,Fachkraft,3,1,2
83,PE 83,2026-03-01,1605,S,trainee,Azubi,1,0,1
83,PE 83,2026-03-01,1690,N,professional,Fachkraft,2,0,2
83,PE 83,2026-03-02,1605,S,trainee,Azubi,1,0,1
83,PE 83,2026-03-02,1690,N,professional,Fachkraft,2,1,1
83,PE 83,2026-03-03,1113,F,trainee,Azubi,1,0,1
83,PE 83,2026-03-03,1605,S,trainee,Azubi,1,0,1
83,PE 83,2026-03-03,1690,N,professional,Fachkraft,2,1,1
83,PE 83,2026-03-04,1113,F,trainee,Azubi,1,0,1
83,PE 83,2026-03-04,1605,S,trainee,Azubi,1,0,1
83,PE 83,2026-03-05,1113,F,trainee,Azubi,1,0,1
83,PE 83,2026-03-05,1605,S,trainee,Azubi,1,0,1
83,PE 83,2026-03-05,1690,N,professional,Fachkraft,2,1,1
83,PE 83,2026-03-06,1113,F,trainee,Azubi,1,0,1
83,PE 83,2026-03-06,1605,S,trainee,Azubi,1,0,1
83,PE 83,2026-03-06,1690,N,professional,Fachkraft,2,0,2
83,PE 83,2026-03-07,1113,F,trainee,Azubi,1,0,1
83,PE 83,2026-03-07,1605,S,trainee,Azubi,1,0,1
83,PE 83,2026-03-07,1690,N,professional,Fachkraft,2,0,2
83,PE 83,2026-03-08,1113,F,trainee,Azubi,1,0,1
83,PE 83,2026-03-08,1605,S,trainee,Azubi,1,0,1
83,PE 83,2026-03-08,1690,N,professional,Fachkraft,2,0,2
83,PE 83,2026-03-09,1113,F,trainee,Azubi,1,0,1
83,PE 83,2026-03-09,1605,S,trainee,Azubi,1,0,1
83,PE 83,2026-03-09,1690,N,professional,Fachkraft,2,1,1
83,PE 83,2026-03-10,1605,S,trainee,Azubi,1,0,1
83,PE 83,2026-03-10,1690,N,professional,Fachkraft,2,0,2
83,PE 83,2026-03-11,1113,F,professional,Fachkraft,4,3,1
83,PE 83,2026-03-11,1113,F,trainee,Azubi,1,0,1
83,PE 83,2026-03-11,1605,S,trainee,Azubi,1,0,1
83,PE 83,2026-03-11,1690,N,professional,Fachkraft,2,0,2
83,PE 83,2026-03-12,1113,F,trainee,Azubi,1,0,1
83,PE 83,2026-03-12,1605,S,trainee,Azubi,1,0,1
83,PE 83,2026-03-12,1690,N,professional,Fachkraft,2,1,1
83,PE 83,2026-03-13,1113,F,trainee,Azubi,1,0,1
83,PE 83,2026-03-13,1605,S,trainee,Azubi,1,0,1
83,PE 83,2026-03-13,1690,N,professional,Fachkraft,2,1,1
83,PE 83,2026-03-14,1113,F,trainee,Azubi,1,0,1
83,PE 83,2026-03-14,1605,S,trainee,Azubi,1,0,1
83,PE 83,2026-03-14,1690,N,professional,Fachkraft,2,1,1
83,PE 83,2026-03-15,1113,F,trainee,Azubi,1,0,1
83,PE 83,2026-03-15,1605,S,trainee,Azubi,1,0,1
83,PE 83,2026-03-15,1690,N,professional,Fachkraft,2,0,2
83,PE 83,2026-03-16,1113,F,trainee,Azubi,1,0,1
83,PE 83,2026-03-16,1605,S,trainee,Azubi,1,0,1
83,PE 83,2026-03-16,1690,N,professional,Fachkraft,2,0,2
83,PE 83,2026-03-17,1113,F,trainee,Azubi,1,0,1
83,PE 83,2026-03-17,1605,S,trainee,Azubi,1,0,1
83,PE 83,2026-03-17,1690,N,professional,Fachkraft,2,0,2
83,PE 83,2026-03-18,1113,F,trainee,Azubi,1,0,1
83,PE 83,2026-03-18,1605,S,trainee,Azubi,1,0,1
83,PE 83,2026-03-18,1690,N,professional,Fachkraft,2,0,2
83,PE 83,2026-03-19,1605,S,trainee,Azubi,1,0,1
83,PE 83,2026-03-19,1690,N,professional,Fachkraft,2,0,2
83,PE 83,2026-03-20,1605,S,trainee,Azubi,1,0,1
83,PE 83,2026-03-20,1690,N,professional,Fachkraft,2,0,2
83,PE 83,2026-03-21,1113,F,trainee,Azubi,1,0,1
83,PE 83,2026-03-21,1605,S,trainee,Azubi,1,0,1
83,PE 83,2026-03-21,1690,N,professional,Fachkraft,2,0,2
83,PE 83,2026-03-22,1113,F,trainee,Azubi,1,0,1
83,PE 83,2026-03-22,1605,S,trainee,Azubi,1,0,1
83,PE 83,2026-03-22,1690,N,professional,Fachkraft,2,0,2
83,PE 83,2026-03-23,1113,F,trainee,Azubi,1,0,1
83,PE 83,2026-03-23,1605,S,trainee,Azubi,1,0,1
83,PE 83,2026-03-23,1690,N,professional,Fachkraft,2,0,2
83,PE 83,2026-03-24,1113,F,trainee,Azubi,1,0,1
83,PE 83,2026-03-24,1605,S,trainee,Azubi,1,0,1
83,PE 83,2026-03-24,1690,N,professional,Fachkraft,2,0,2
83,PE 83,2026-03-25,1113,F,trainee,Azubi,1,0,1
83,PE 83,2026-03-25,1605,S,trainee,Azubi,1,0,1
83,PE 83,2026-03-25,1690,N,professional,Fachkraft,2,0,2
83,PE 83,2026-03-26,1605,S,trainee,Azubi,1,0,1
83,PE 83,2026-03-26,1690,N,professional,Fachkraft,2,0,2
83,PE 83,2026-03-27,1113,F,trainee,Azubi,1,0,1
83,PE 83,2026-03-27,1605,S,trainee,Azubi,1,0,1
83,PE 83,2026-03-27,1690,N,professional,Fachkraft,2,0,2
83,PE 83,2026-03-28,1605,S,trainee,Azubi,1,0,1
83,PE 83,2026-03-28,1690,N,professional,Fachkraft,2,0,2
83,PE 83,2026-03-29,1113,F,professional,Fachkraft,3,2,1
83,PE 83,2026-03-29,1113,F,trainee,Azubi,1,0,1
83,PE 83,2026-03-29,1605,S,trainee,Azubi,1,0,1
83,PE 83,2026-03-29,1690,N,professional,Fachkraft,2,1,1
83,PE 83,2026-03-30,1113,F,trainee,Azubi,1,0,1
83,PE 83,2026-03-30,1605,S,trainee,Azubi,1,0,1
83,PE 83,2026-03-31,1113,F,professional,Fachkraft,4,2,2
83,PE 83,2026-03-31,1113,F,trainee,Azubi,1,0,1
83,PE 83,2026-03-31,1605,S,trainee,Azubi,1,0,1
85,PE 85,2026-03-01,1113,F,trainee,Azubi,1,0,1
85,PE 85,2026-03-01,1605,S,trainee,Azubi,1,0,1
85,PE 85,2026-03-02,1113,F,trainee,Azubi,1,0,1
85,PE 85,2026-03-02,1605,S,trainee,Azubi,1,0,1
85,PE 85,2026-03-03,1113,F,trainee,Azubi,1,0,1
85,PE 85,2026-03-03,1605,S,trainee,Azubi,1,0,1
85,PE 85,2026-03-04,1113,F,trainee,Azubi,1,0,1
85,PE 85,2026-03-04,1605,S,trainee,Azubi,1,0,1
85,PE 85,2026-03-05,1113,F,trainee,Azubi,1,0,1
85,PE 85,2026-03-05,1605,S,trainee,Azubi,1,0,1
85,PE 85,2026-03-06,1605,S,trainee,Azubi,1,0,1
85,PE 85,2026-03-07,1113,F,trainee,Azubi,1,0,1
85,PE 85,2026-03-07,1605,S,trainee,Azubi,1,0,1
85,PE 85,2026-03-08,1113,F,trainee,Azubi,1,0,1
85,PE 85,2026-03-08,1605,S,trainee,Azubi,1,0,1
85,PE 85,2026-03-09,1113,F,trainee,Azubi,1,0,1
85,PE 85,2026-03-09,1605,S,trainee,Azubi,1,0,1
85,PE 85,2026-03-10,1113,F,trainee,Azubi,1,0,1
85,PE 85,2026-03-10,1605,S,trainee,Azubi,1,0,1
85,PE 85,2026-03-11,1113,F,trainee,Azubi,1,0,1
85,PE 85,2026-03-11,1605,S,trainee,Azubi,1,0,1
85,PE 85,2026-03-12,1113,F,trainee,Azubi,1,0,1
85,PE 85,2026-03-12,1605,S,trainee,Azubi,1,0,1
85,PE 85,2026-03-13,1113,F,trainee,Azubi,1,0,1
85,PE 85,2026-03-13,1605,S,trainee,Azubi,1,0,1
85,PE 85,2026-03-14,1113,F,trainee,Azubi,1,0,1
85,PE 85,2026-03-14,1605,S,trainee,Azubi,1,0,1
85,PE 85,2026-03-15,1113,F,trainee,Azubi,1,0,1
85,PE 85,2026-03-15,1605,S,trainee,Azubi,1,0,1
85,PE 85,2026-03-16,1113,F,trainee,Azubi,1,0,1
85,PE 85,2026-03-16,1605,S,trainee,Azubi,1,0,1
85,PE 85,2026-03-17,1605,S,trainee,Azubi,1,0,1
85,PE 85,2026-03-18,1113,F,trainee,Azubi,1,0,1
85,PE 85,2026-03-18,1605,S,trainee,Azubi,1,0,1
85,PE 85,2026-03-18,1690,N,professional,Fachkraft,1,0,1
85,PE 85,2026-03-19,1113,F,trainee,Azubi,1,0,1
85,PE 85,2026-03-19,1605,S,trainee,Azubi,1,0,1
85,PE 85,2026-03-20,1113,F,trainee,Azubi,1,0,1
85,PE 85,2026-03-20,1605,S,trainee,Azubi,1,0,1
85,PE 85,2026-03-21,1113,F,trainee,Azubi,1,0,1
85,PE 85,2026-03-21,1605,S,trainee,Azubi,1,0,1
85,PE 85,2026-03-22,1605,S,trainee,Azubi,1,0,1
85,PE 85,2026-03-23,1113,F,trainee,Azubi,1,0,1
85,PE 85,2026-03-23,1605,S,trainee,Azubi,1,0,1
85,PE 85,2026-03-24,1605,S,trainee,Azubi,1,0,1
85,PE 85,2026-03-25,1113,F,trainee,Azubi,1,0,1
85,PE 85,2026-03-25,1605,S,trainee,Azubi,1,0,1
85,PE 85,2026-03-26,1113,F,trainee,Azubi,1,0,1
85,PE 85,2026-03-26,1605,S,trainee,Azubi,1,0,1
85,PE 85,2026-03-27,1113,F,trainee,Azubi,1,0,1
85,PE 85,2026-03-27,1605,S,trainee,Azubi,1,0,1
85,PE 85,2026-03-28,1113,F,trainee,Azubi,1,0,1
85,PE 85,2026-03-28,1605,S,trainee,Azubi,1,0,1
85,PE 85,2026-03-29,1113,F,trainee,Azubi,1,0,1
85,PE 85,2026-03-29,1605,S,trainee,Azubi,1,0,1
85,PE 85,2026-03-30,1113,F,trainee,Azubi,1,0,1
85,PE 85,2026-03-30,1605,S,trainee,Azubi,1,0,1
85,PE 85,2026-03-31,1113,F,trainee,Azubi,1,0,1
85,PE 85,2026-03-31,1605,S,trainee,Azubi,1,0,1
88,PE 88,2026-03-01,1605,S,professional,Fachkraft,4,2,2
88,PE 88,2026-03-01,1690,N,professional,Fachkraft,4,0,4
88,PE 88,2026-03-02,1605,S,professional,Fachkraft,5,3,2
88,PE 88,2026-03-02,1690,N,professional,Fachkraft,4,0,4
88,PE 88,2026-03-03,1690,N,professional,Fachkraft,4,1,3
88,PE 88,2026-03-04,1690,N,professional,Fachkraft,4,0,4
88,PE 88,2026-03-05,1113,F,professional,Fachkraft,5,4,1
88,PE 88,2026-03-05,1690,N,professional,Fachkraft,4,0,4
88,PE 88,2026-03-06,1690,N,professional,Fachkraft,4,0,4
88,PE 88,2026-03-07,1605,S,professional,Fachkraft,4,3,1
88,PE 88,2026-03-07,1690,N,professional,Fachkraft,4,0,4
88,PE 88,2026-03-08,1690,N,professional,Fachkraft,4,0,4
88,PE 88,2026-03-09,1690,N,professional,Fachkraft,4,0,4
88,PE 88,2026-03-10,1690,N,professional,Fachkraft,4,0,4
88,PE 88,2026-03-11,1690,N,professional,Fachkraft,4,0,4
88,PE 88,2026-03-12,1690,N,professional,Fachkraft,4,0,4
88,PE 88,2026-03-13,1690,N,professional,Fachkraft,4,0,4
88,PE 88,2026-03-14,1690,N,professional,Fachkraft,4,1,3
88,PE 88,2026-03-15,1690,N,professional,Fachkraft,4,1,3
88,PE 88,2026-03-16,1690,N,professional,Fachkraft,4,1,3
88,PE 88,2026-03-17,1690,N,professional,Fachkraft,4,0,4
88,PE 88,2026-03-18,1690,N,professional,Fachkraft,4,0,4
88,PE 88,2026-03-19,1605,S,professional,Fachkraft,5,4,1
88,PE 88,2026-03-19,1690,N,professional,Fachkraft,4,0,4
88,PE 88,2026-03-20,1690,N,professional,Fachkraft,4,0,4
88,PE 88,2026-03-21,1113,F,professional,Fachkraft,4,3,1
88,PE 88,2026-03-21,1690,N,professional,Fachkraft,4,0,4
88,PE 88,2026-03-22,1605,S,professional,Fachkraft,4,3,1
88,PE 88,2026-03-22,1690,N,professional,Fachkraft,4,0,4
88,PE 88,2026-03-23,1690,N,professional,Fachkraft,4,0,4
88,PE 88,2026-03-24,1605,S,professional,Fachkraft,5,4,1
88,PE 88,2026-03-24,1690,N,professional,Fachkraft,4,0,4
88,PE 88,2026-03-25,1690,N,professional,Fachkraft,4,1,3
88,PE 88,2026-03-26,1605,S,professional,Fachkraft,5,3,2
88,PE 88,2026-03-26,1690,N,professional,Fachkraft,4,0,4
88,PE 88,2026-03-27,1605,S,professional,Fachkraft,5,4,1
88,PE 88,2026-03-27,1690,N,professional,Fachkraft,4,0,4
88,PE 88,2026-03-28,1113,F,professional,Fachkraft,4,3,1
88,PE 88,2026-03-28,1690,N,professional,Fachkraft,4,0,4
88,PE 88,2026-03-29,1605,S,professional,Fachkraft,4,1,3
88,PE 88,2026-03-29,1690,N,professional,Fachkraft,4,1,3
88,PE 88,2026-03-30,1113,F,professional,Fachkraft,5,3,2
88,PE 88,2026-03-30,1690,N,professional,Fachkraft,4,2,2
88,PE 88,2026-03-31,1690,N,professional,Fachkraft,4,3,1
337,PE 337,2026-03-01,1113,F,trainee,Azubi,1,0,1
337,PE 337,2026-03-01,1605,S,professional,Fachkraft,1,0,1
337,PE 337,2026-03-01,1605,S,trainee,Azubi,1,0,1
337,PE 337,2026-03-01,1690,N,professional,Fachkraft,1,0,1
337,PE 337,2026-03-02,1113,F,trainee,Azubi,1,0,1
337,PE 337,2026-03-02,1605,S,trainee,Azubi,1,0,1
337,PE 337,2026-03-02,1690,N,professional,Fachkraft,1,0,1
337,PE 337,2026-03-03,1113,F,trainee,Azubi,1,0,1
337,PE 337,2026-03-03,1605,S,trainee,Azubi,1,0,1
337,PE 337,2026-03-03,1690,N,professional,Fachkraft,1,0,1
337,PE 337,2026-03-04,1113,F,trainee,Azubi,1,0,1
337,PE 337,2026-03-04,1605,S,trainee,Azubi,1,0,1
337,PE 337,2026-03-04,1690,N,professional,Fachkraft,1,0,1
337,PE 337,2026-03-05,1113,F,trainee,Azubi,1,0,1
337,PE 337,2026-03-05,1605,S,trainee,Azubi,1,0,1
337,PE 337,2026-03-05,1690,N,professional,Fachkraft,1,0,1
337,PE 337,2026-03-06,1113,F,trainee,Azubi,1,0,1
337,PE 337,2026-03-06,1605,S,trainee,Azubi,1,0,1
337,PE 337,2026-03-06,1690,N,professional,Fachkraft,1,0,1
337,PE 337,2026-03-07,1605,S,trainee,Azubi,1,0,1
337,PE 337,2026-03-07,1690,N,professional,Fachkraft,1,0,1
337,PE 337,2026-03-08,1605,S,trainee,Azubi,1,0,1
337,PE 337,2026-03-09,1605,S,trainee,Azubi,1,0,1
337,PE 337,2026-03-09,1690,N,professional,Fachkraft,1,0,1
337,PE 337,2026-03-10,1113,F,trainee,Azubi,1,0,1
337,PE 337,2026-03-10,1605,S,trainee,Azubi,1,0,1
337,PE 337,2026-03-10,1690,N,professional,Fachkraft,1,0,1
337,PE 337,2026-03-11,1113,F,trainee,Azubi,1,0,1
337,PE 337,2026-03-11,1605,S,trainee,Azubi,1,0,1
337,PE 337,2026-03-11,1690,N,professional,Fachkraft,1,0,1
337,PE 337,2026-03-12,1113,F,trainee,Azubi,1,0,1
337,PE 337,2026-03-12,1605,S,trainee,Azubi,1,0,1
337,PE 337,2026-03-12,1690,N,professional,Fachkraft,1,0,1
337,PE 337,2026-03-13,1605,S,trainee,Azubi,1,0,1
337,PE 337,2026-03-13,1690,N,professional,Fachkraft,1,0,1
337,PE 337,2026-03-14,1605,S,trainee,Azubi,1,0,1
337,PE 337,2026-03-14,1690,N,professional,Fachkraft,1,0,1
337,PE 337,2026-03-15,1113,F,trainee,Azubi,1,0,1
337,PE 337,2026-03-15,1605,S,trainee,Azubi,1,0,1
337,PE 337,2026-03-15,1690,N,professional,Fachkraft,1,0,1
337,PE 337,2026-03-16,1113,F,trainee,Azubi,1,0,1
337,PE 337,2026-03-16,1605,S,trainee,Azubi,1,0,1
337,PE 337,2026-03-16,1690,N,professional,Fachkraft,1,0,1
337,PE 337,2026-03-17,1113,F,trainee,Azubi,1,0,1
337,PE 337,2026-03-17,1605,S,trainee,Azubi,1,0,1
337,PE 337,2026-03-17,1690,N,professional,Fachkraft,1,0,1
337,PE 337,2026-03-18,1605,S,trainee,Azubi,1,0,1
337,PE 337,2026-03-18,1690,N,professional,Fachkraft,1,0,1
337,PE 337,2026-03-19,1113,F,trainee,Azubi,1,0,1
337,PE 337,2026-03-19,1605,S,trainee,Azubi,1,0,1
337,PE 337,2026-03-19,1690,N,professional,Fachkraft,1,0,1
337,PE 337,2026-03-20,1113,F,trainee,Azubi,1,0,1
337,PE 337,2026-03-20,1605,S,trainee,Azubi,1,0,1
337,PE 337,2026-03-20,1690,N,professional,Fachkraft,1,0,1
337,PE 337,2026-03-21,1113,F,trainee,Azubi,1,0,1
337,PE 337,2026-03-21,1605,S,trainee,Azubi,1,0,1
337,PE 337,2026-03-22,1113,F,trainee,Azubi,1,0,1
337,PE 337,2026-03-22,1605,S,trainee,Azubi,1,0,1
337,PE 337,2026-03-22,1690,N,professional,Fachkraft,1,0,1
337,PE 337,2026-03-23,1605,S,trainee,Azubi,1,0,1
337,PE 337,2026-03-24,1113,F,trainee,Azubi,1,0,1
337,PE 337,2026-03-24,1605,S,trainee,Azubi,1,0,1
337,PE 337,2026-03-24,1690,N,professional,Fachkraft,1,0,1
337,PE 337,2026-03-25,1605,S,trainee,Azubi,1,0,1
337,PE 337,2026-03-25,1690,N,professional,Fachkraft,1,0,1
337,PE 337,2026-03-26,1113,F,trainee,Azubi,1,0,1
337,PE 337,2026-03-26,1605,S,trainee,Azubi,1,0,1
337,PE 337,2026-03-26,1690,N,professional,Fachkraft,1,0,1
337,PE 337,2026-03-27,1605,S,trainee,Azubi,1,0,1
337,PE 337,2026-03-28,1113,F,trainee,Azubi,1,0,1
337,PE 337,2026-03-28,1605,S,trainee,Azubi,1,0,1
337,PE 337,2026-03-28,1690,N,professional,Fachkraft,1,0,1
337,PE 337,2026-03-29,1113,F,trainee,Azubi,1,0,1
337,PE 337,2026-03-29,1605,S,trainee,Azubi,1,0,1
337,PE 337,2026-03-29,1690,N,professional,Fachkraft,1,0,1
337,PE 337,2026-03-30,1113,F,trainee,Azubi,1,0,1
337,PE 337,2026-03-30,1605,S,trainee,Azubi,1,0,1
337,PE 337,2026-03-30,1690,N,professional,Fachkraft,1,0,1
337,PE 337,2026-03-31,1113,F,trainee,Azubi,1,0,1
